{
    "epoch": 50,
    "batchSize": 100,
    "learningRate": 0.001,
    "mean": [
        233.89406,
        223.98854,
        233.20714
    ],
    "std": [
        40.6225,
        53.69572,
        40.3735
    ],
    "minValidLoss": 333.8189604788115,
    "statisticsFormat": "epoch, learningRate, batchSize, trainLoss, validLoss, epochProcessTime",
    "statistics": [
        "1, 0.001, 100, 7928.785351487842, 4128.649872750944, 0:11:00.543516",
        "2, 0.001, 100, 3289.340708788018, 2187.1022283380676, 0:08:04.420389",
        "3, 0.001, 100, 1709.539039915127, 1531.0251760771778, 0:07:40.573521",
        "4, 0.001, 100, 1305.2077413669772, 1186.3431729403405, 0:07:35.419456",
        "5, 0.001, 100, 1064.7860814365777, 952.7361542672821, 0:07:31.345069",
        "6, 0.001, 100, 849.7264597014918, 903.9226712313568, 0:07:27.664495",
        "7, 0.001, 100, 713.6189239221983, 726.1709571607184, 0:07:22.076743",
        "8, 0.001, 100, 629.2701747789289, 690.3298201127484, 0:07:08.916204",
        "9, 0.001, 100, 587.6053806036617, 634.654873009884, 0:07:07.574708",
        "10, 0.001, 100, 532.8455699955642, 608.6183846213601, 0:07:07.362877",
        "11, 0.001, 100, 487.42425224467496, 536.4315148555872, 0:07:07.345608",
        "12, 0.001, 100, 449.4685273476697, 500.1225572065874, 0:07:05.635860",
        "13, 0.001, 100, 423.9322997393589, 471.461737430457, 0:07:04.681694",
        "14, 0.001, 100, 405.38292661427687, 471.6106414794923, 0:07:04.919702",
        "15, 0.001, 100, 380.77358350841257, 420.2818312211471, 0:07:05.480346",
        "16, 0.001, 100, 381.5091496972133, 421.3690370501895, 0:07:04.943659",
        "17, 0.001, 100, 340.4134557414856, 431.0639426491477, 0:07:04.180219",
        "18, 0.001, 100, 325.4258455282321, 436.7500968701911, 0:07:08.375338",
        "19, 0.001, 100, 319.84121116148253, 430.22894865093804, 0:07:03.752304",
        "20, 0.001, 100, 340.1861134333716, 375.4508414990976, 0:07:03.481035",
        "21, 0.001, 100, 290.34621165797597, 371.1510823567707, 0:07:03.794039",
        "22, 0.001, 100, 283.6148543284938, 399.19414589621795, 0:07:05.768231",
        "23, 0.001, 100, 275.5087663143053, 406.08286909623575, 0:07:06.490790",
        "24, 0.001, 100, 273.02085680480377, 357.12300040505147, 0:07:06.204841",
        "25, 0.001, 100, 260.677045536333, 408.245464440548, 0:07:06.305383",
        "26, 0.001, 100, 258.03300744386235, 375.3876019102155, 0:07:07.845438",
        "27, 0.001, 100, 247.62816883518812, 360.2612478082832, 0:07:06.757163",
        "28, 0.001, 100, 231.93606325901973, 353.6560694376628, 0:07:11.459841",
        "29, 0.001, 100, 237.20654730840545, 362.1225766268643, 0:07:08.905122",
        "30, 0.001, 100, 231.97181450846736, 359.74983238451415, 0:07:07.184684",
        "31, 0.001, 100, 221.82418421940724, 355.7188373912464, 0:07:07.533623",
        "32, 0.001, 100, 219.30102928698236, 400.1893289739436, 0:07:07.203185",
        "33, 0.001, 100, 215.52360965133778, 341.234094099565, 0:07:07.890027",
        "34, 0.001, 100, 197.08466962061908, 372.98975996537644, 0:07:07.152538",
        "35, 0.001, 100, 220.40158806663754, 354.50985995205974, 0:07:07.330891",
        "36, 0.001, 100, 190.29862404452916, 389.29694482051957, 0:07:07.239801",
        "37, 0.001, 100, 184.59259152193675, 351.5652019616329, 0:07:07.412003",
        "38, 0.001, 100, 211.8928722066614, 362.8324830026337, 0:07:06.945210",
        "39, 0.001, 100, 226.33873524797076, 503.2795183586351, 0:07:07.105553",
        "40, 0.001, 100, 191.36116479296203, 339.7542303836707, 0:07:07.451602",
        "41, 0.001, 100, 172.0384046688724, 348.5097069017814, 0:07:08.189713",
        "42, 0.001, 100, 166.07060287195628, 338.9449227072977, 0:07:07.808260",
        "43, 0.001, 100, 173.79116596140264, 410.2163261644768, 0:07:07.101853",
        "44, 0.001, 100, 178.27836337074908, 363.0680451826614, 0:07:07.780362",
        "45, 0.001, 100, 161.36281008239183, 349.47209768584287, 0:07:08.033357",
        "46, 0.001, 100, 157.4718416313147, 381.0665015018348, 0:07:07.746819",
        "47, 0.001, 100, 160.75022659535097, 401.38256535385597, 0:07:08.046012",
        "48, 0.001, 100, 148.27796374913015, 370.3135086984344, 0:07:07.918263",
        "49, 0.001, 100, 160.55791364897257, 366.7265897808651, 0:07:07.214757",
        "50, 0.001, 100, 155.89135365384075, 333.8189604788115, 0:07:07.514919"
    ]
}