{
    "epoch": 18,
    "batchSize": 100,
    "learningRate": 1e-05,
    "mean": [
        233.89406,
        223.98854,
        233.20714
    ],
    "std": [
        40.6225,
        53.69572,
        40.3735
    ],
    "maxValidAcc": 96.81402439024397,
    "minValidLoss": 0.10407502609009636,
    "statisticsFormat": "epoch, learningRate, batchSize, trainLoss, trainAcc (%), validLoss, validAcc (%), epochProcessTime",
    "statistics": [
        "1, 0.001, 100, 0.40444106779514083, 6.898240244835471, 0.30042052855997375, 11.432926829268293, 0:07:16.754626",
        "2, 0.001, 100, 0.18512377821461531, 35.738332058148416, 0.12184133820913054, 80.09146341463413, 0:06:51.865023",
        "3, 0.001, 100, 0.02652792428728389, 94.0964039785767, 0.1460311930400856, 87.36280487804885, 0:06:52.440704",
        "4, 0.001, 100, 0.01569486052917163, 96.9364957918898, 0.13966874349297898, 83.6585365853659, 0:06:52.249634",
        "5, 0.001, 100, 0.014066787094300743, 97.29303749043586, 0.12922631192839504, 89.28353658536594, 0:06:53.241745",
        "6, 0.001, 100, 0.010000138947795735, 98.06120887528682, 0.18064892664551735, 86.66158536585372, 0:06:50.976360",
        "7, 0.001, 100, 0.010823114818598963, 97.98775822494254, 0.16268033895528677, 89.14634146341471, 0:06:49.331512",
        "8, 0.001, 100, 0.009504879031048033, 98.24942616679404, 0.19486048174175352, 89.22256097560984, 0:06:50.481560",
        "9, 0.001, 100, 0.006908601519588701, 98.71155317521017, 0.2091060205165184, 85.15243902439029, 0:06:49.750429",
        "10, 0.001, 100, 0.008639296603531311, 98.52333588370303, 0.08273066560540238, 92.48475609756105, 0:06:49.961297",
        "11, 0.001, 100, 0.005658819721901327, 99.04208110175956, 0.0505562012478935, 94.0243902439025, 0:06:49.744951",
        "12, 0.001, 100, 0.004583672479264811, 99.22417750573815, 0.06367589318137053, 95.06097560975616, 0:06:48.687448",
        "13, 0.001, 100, 0.005790470411483193, 99.05585309869903, 0.12254996057317563, 96.11280487804886, 0:06:48.655403",
        "14, 0.001, 100, 0.005072284596606368, 99.1798010711551, 0.05390212664408893, 95.12195121951225, 0:06:49.096844",
        "15, 0.001, 100, 0.006022737382773474, 98.98087222647271, 0.0952315537336593, 96.40243902439032, 0:06:49.054915",
        "16, 0.0001, 100, 0.0016934956372906447, 99.62356541698541, 0.10770517749408484, 96.35670731707323, 0:06:57.826002",
        "17, 0.0001, 100, 0.0011528771127082755, 99.75669472073459, 0.09684308345679188, 96.7682926829269, 0:06:55.197590",
        "18, 1e-05, 100, 0.0009357927587277895, 99.78270849273157, 0.10407502609009636, 96.81402439024397, 0:07:05.523387"
    ]
}